{
    "912867470577106964": [
        "tomiauns",
        "tomiauns",
        "updcbot2",
        "tomiauns",
        "tomiauns",
        "tomiauns",
        "updcbot3"
    ],
    "534483050315382784": [
        "Arlibiquita_狐狸",
        "Arlubiquita_狐狸"
    ],
    "479441843864731663": [
        "Zutiplay"
    ],
    "776207889979277322": [
        "DaniEditions"
    ],
    "502527449029017601": [
        "AscianSvend",
        "AscianSvend"
    ],
    "790775098386677760": [
        "BonaisDeMolex"
    ],
    "674460699564441610": [
        "Cesar lira5458"
    ],
    "814301514163421196": [
        "karlo17824"
    ],
    "574779716582637578": [
        "minotour_"
    ],
    "423915474636767232": [
        "GuestFacherito"
    ],
    "790996726751166494": [
        "Ghoulsxrah"
    ],
    "1020510409331052554": [
        "Monke"
    ]
}